Protein_Change,Protein_Structure,SIFT,PolyPhen-2_HumDiv,AlphaMissense,GRANTHAM_SCORE,REVEL,PolyPhen-2_HumVar,MetaRNN,MutScore,GERP,MutationTaster,Mutation_Assessor,PROVEAN,VEST4,MutPred,gMVP,MPC,DEOGEN2,LIST-S2
G2164S,1,1,1,0.515600026,56,0.944999993,0.996999979,0.933438122,0.988,0.514,0.959999979,1.980000019,-5.110000134,0.819999993,0.787299156,0.807066798,0.464151651,0.818148971,0.945704997
G2164D,1,1,1,0.935199976,94,0.962000012,0.998000026,0.958980083,0.988,-5.75,1,2.069999933,-5.960000038,0.875,0.906466544,0.865840077,0.527769387,0.830870986,0.834416986
Y2165C,1,0.997,0.97299999,0.647499979,194,0.943000019,0.703000009,0.979270995,0.977,0.956,0.930000007,2.724999905,-7.079999924,0.930999994,0.868649483,0.899109244,0.517890692,0.896610975,0.973102987
I2166V,1,0.421000004,0.045000002,0.067199998,29,0.505999982,0.012,0.083928764,0.153,0.308,0.400000006,-0.834999979,0.330000013,0.088,0.094011359,0.354655802,0.071717396,0.324690014,0.746124983
V2167I,1,0,0.970000029,0.080700003,29,0.569000006,0.300999999,0.261774242,0.329,0.735,0.430000007,-0.039999999,-0.02,0.178000003,0.43340072,0.574265301,0.405437946,0.330852002,0.858514011
K2172R,1,0.480000019,0,0.0623,26,0.575999975,0.004,0.110352278,0.027,-5.18,0.829999983,0.245000005,-0.639999986,0.246999994,0.082572624,0.597743928,0.070348255,0.333752006,0.66543299
P2174L,0,0.971999999,0.953999996,0.088299997,98,0.658999979,0.254000008,0.436588705,0.768,0.889,0.540000021,0.550000012,-2.859999895,0.35800001,0.287724167,0.632814229,0.110268086,0.657804012,0.756923974
L2179P,1,0.818000004,0.001,0.059799999,98,0.354999989,0.001,0.12566489,0.348,-0.459,0.349999994,0.620000005,0.430000007,0.158000007,0.297421098,0.657823086,0.138685808,0.283502012,0.724427998
Q2187R,1,0.567999989,0.136000007,0.071199998,43,0.493999988,0.050000001,0.078217477,0.236,-1.41,0.25999999,0.055,-1.279999971,0.108000003,0.142373592,0.49677816,0.115463093,0.377278,0.165083006
Q2187H,1,0.884000003,0.002,0.107199997,24,0.455000013,0.004,0.152139813,0.266,0.704,0.780191421,1,-1.429999948,0.349000007,0.174935549,0.473200142,0.079778649,0.412351012,0.262773991
Q2190R,1,0.5,0.001,0.059999999,43,0.361999989,0.001,0.13851279,0.296,-1.18,0.219999999,0.159999996,-1.00999999,0.090999998,0.205597296,0.417424858,0.090307169,0.375414014,0.303869992
Q2190H,1,0.902999997,0.736000001,0.102499999,24,0.603999972,0.234999999,0.218987823,0.359,-0.52,0.449999988,0.550000012,-1.720000029,0.257999986,0.2505638,0.493159652,0.079778649,0.45164901,0.441056013
Q2190P,1,0.780000001,0.005,0.192100003,76,0.528999984,0.002,0.682536304,0.718,-1.18,0.439999998,1.200000048,-2.25,0.605000019,0.578925014,0.733620405,0.162634,0.543394029,0.684632003
F2193V,1,0.976,0.947000027,0.583599985,50,0.777999997,0.575999975,0.695594132,0.924,-1.18,0.680000007,1.054999948,-4.179999828,0.681999981,0.646996677,0.718598723,0.406905591,0.80123198,0.964803994
S2196R,1,0.991,0.98299998,0.872900009,110,0.609000027,0.763999999,0.750429511,0.876,-1.18,0.629999995,1.830000043,-2.720000029,0.768000007,0.592479169,0.672958136,0.458726883,0.741531014,0.952104986
H2202D,1,0.997,0.944000006,0.893999994,81,0.908999979,0.731000006,0.858813047,0.985,-0.772,0.899999976,1.639999986,-6.889999866,0.773999989,0.692635715,0.83369267,0.521199226,0.811908007,0.947205007
L2206F,1,0.997,0.999000013,0.415899992,22,0.707000017,0.972000003,0.678528905,0.948,-0.722,0.629999995,0.975000024,-3.170000076,0.640999973,0.570327759,0.702623665,0.482925534,0.746527016,0.888611019
Q2207P,1,0.99,0.185000002,0.931800008,76,0.796000004,0.104999997,0.850580096,0.991,0.361,0.959999979,1.355000019,-3.930000067,0.873000026,0.770327568,0.904163122,0.510617912,0.800830007,0.896709979
Q2207R,1,0.691000015,0.99000001,0.344700009,43,0.735000014,0.882000029,0.590586603,0.932,0.361,0.800000012,-0.090000004,-1.919999957,0.691999972,0.40220505,0.747785568,0.460159838,0.460007995,0.75552398
F2208Y,1,0,0,0.101499997,22,0.333000004,0.001,0.072913647,0.328,0.361,0.280000001,-0.665000021,1.74000001,0.25999999,0.224139467,0.574353874,0.095698088,0.319885999,0.599940002
Q2209R,1,0.954,0.002,0.099299997,43,0.462000012,0.004,0.254870206,0.812,0.361,0.340000004,0.25,-2.130000114,0.170000002,0.193288714,0.546194673,0.092738092,0.514414012,0.839115977
S2211F,1,0.979,0.523000002,0.165700004,155,0.614000022,0.247999996,0.401195943,0.814,0.361,0.449999988,2.079999924,-2.809999943,0.409999996,0.453771174,0.517214298,0.250877082,0.753754973,0.978102028
S2211Y,1,0.98,0.769999981,0.143099993,144,0.657999992,0.423000008,0.423768938,0.768,0.361,0.439999998,2.079999924,-2.25999999,0.395000011,0.489041179,0.515956044,0.316955388,0.607294023,0.973903
A2216G,1,0.996,0.68599999,0.185100004,60,0.626999974,0.289999992,0.482407123,0.925,0.361,0.860000014,1.455000043,-2.75999999,0.324000001,0.220787123,0.453360796,0.294378161,0.716045022,0.899209976
I2231V,0,0.687999994,0.006,0.107199997,29,0.451999992,0.005,0.261637449,0.39,0.361,0.689999998,2.24000001,-0.49000001,0.268999994,0.515491545,0.297366202,0.076718591,0.335974008,0.853715003
E2232K,1,0.992,0.996999979,0.235100001,56,0.735000014,0.839999974,0.658948541,0.928,0.361,0.920000017,2.825000048,-2.940000057,0.663999975,0.589568079,0.595254481,0.491690695,0.723393023,0.975701988
S2235P,1,0.998,1,0.98180002,74,0.808000028,0.987999976,0.897904873,0.966,-0.722,0.889999986,4.420000076,-4.260000229,0.936999977,0.907747805,0.834153712,0.519810379,0.883922994,0.980102003
