Protein_change,Classification,SIFT_SCORE,SIFT_PRED,PolyPhen-2_D_SCORE,PolyPhen-2_D_PRED,AM_SCORE,AM_PRED,GRANTHAM_SCORE,REVEL_SCORE,REVEL_PRED,PolyPhen-2_V_SCORE,PolyPhen-2_V_PRED,MetaRNN_SCORE,MetaRNN_PRED,MutScore_SCORE,MutScore_PRED,GERP_SCORE,MT_SCORE,MT_PRED,MA_SCORE,MA_PRED,PROVEAN_SCORE,PROVEAN_PRED,VEST4_SCORE,MutPred_SCORE,gMVP_SCORE,MPC_SCORE,DEOGEN2_SCORE,DEOGEN2_PRED,LIST-S2_SCORE,LIST-S2_PRED
R1161H,1,0.99,1,0.999,2,0.4286,1,29,0.76,2,0.964,2,0.91185415,1,0.968,1,-7.74,0.87,1,2.03,2,-3.68,1,0.879,0.401,0.778036663,0.47632077,0.79141,1,0.967803,1
L1201R,0,0.95,0,0.006,0,0.2953,0,102,0.555,1,0.014,0,0.002528042,0,0.378,0,-9.37,0.21,0,1.565,1,-0.71,0,0.745,0.648,0.590813018,0.507826861,0.329422,0,0.759324,0
M1209T,0,0,0,0,0,0.0833,0,81,0.16,0,0,0,0.002427697,0,0.12,0,-1.02,0.16,0,-1.655,0,0.83,0,0.292,0.092,0.423504437,0.09655406,0.31845,0,0.448455,0
A1219P,1,1,1,0.432,0,0.9789,2,27,0.848,2,0.176,0,0.8466947,1,0.938,1,5.73,0.91,1,4.005,3,-3.93,1,0.889,0.454,0.873474765,0.526817132,0.853481,1,0.943106,1
L1250P,1,0.99,1,1,2,0.9911,2,98,0.997,2,0.991,2,0.989468,1,1,1,1.49,0.96,1,4.51,3,-6.18,1,0.88,0.904,0.972434451,0.586930552,0.912308,1,0.89601,1
L1269Q,1,0.99,1,1,2,0.9661,2,113,0.934,2,0.998,2,0.9239995,1,0.999,1,-4.23,0.84,1,4.515,3,-5.43,1,0.969,0.694,0.904168886,0.474474303,0.860768,1,0.979862,1
E1271G,1,1,1,0.999,2,0.7875,2,98,0.953,2,0.972,2,0.9149363,1,0.981,1,-8.12,0.97,1,3.37,2,-6.33,1,0.88,0.591,0.779245208,0.501699089,0.852335,1,0.991784,1
I1272T,1,0.99,1,0.984,2,0.9029,2,89,0.92,2,0.641,1,0.9203446,1,0.953,1,0.158,0.88,1,2.895,2,-4.13,1,0.857,0.745,0.625243303,0.433057487,0.834098,1,0.949705,1
L1274P,1,1,1,1,2,0.9262,2,98,0.887,2,0.957,2,0.9351421,1,0.996,1,0.158,0.85,1,4.425,3,-6.2,1,0.882,0.738,0.885807346,0.576595669,0.90303,1,0.914109,1
I2166M,0,0.94,0,0.964,2,0.0947,0,10,0.632,1,0.725,1,0.037222445,0,0.157,0,0.241,0.59,1,0.82,1,-0.35,0,0.4,0.218,0.632616522,0.142144434,0.337234,0,0.876612,1
D2177N,0,0.26,0,0.061,0,0.0686,0,23,0.313,0,0.004,0,0.003962189,0,0.433,0,3.04,0.04,0,1.11,1,0.19,0,0.09,0.112,0.580701801,0.083831151,0.290677,0,0.725927,0
F2188S,1,0.96,1,0.99,2,0.9374,2,155,0.86,2,0.753,1,0.9157654,1,0.94,1,0.695,0.99,1,1.18,1,-5,1,0.932,0.784,0.768466262,0.61630462,0.832418,1,0.662434,0
A2216E,1,0.99,1,0.999,2,0.7384,2,107,0.775,2,0.945,2,0.8647543,1,0.903,1,0.361,0.9,1,3.905,3,-3.3,1,0.776,0.615,0.765504071,0.497562604,0.74452,1,0.938306,1
L2229P,1,0.95,1,1,2,0.8875,2,98,0.771,2,0.998,2,0.9743579,1,0.939,1,-0.993,0.97,1,3.805,3,-3.42,1,0.955,0.93,0.860316982,0.586930552,0.807709,1,0.779122,0
E2233V,1,0.97,1,0.985,2,0.6905,2,121,0.798,2,0.683,1,0.811743,1,0.944,1,-0.722,0.88,1,3.04,2,-4.65,1,0.669,0.593,0.469421432,0.480448836,0.852229,1,0.962704,1
